# Compound Method,CI_TOF_1,CI_TOF_2,CI_TOF_3,CI_TOF_4,CI_TOF_5,CI_TOF_6,CI_TOF_7,CI_TOF_a,CI_TOF_b,CI_TOF_c,CI_TOF_d,CI_TOF_e
# Name,Area,Area,Area,Area,Area,Area,Area,Area,Area,Area,Area,Area
2PG_M0,415889,705180,625408,371595,632202,570635,543631,539050,518624,491177,477887,470355
2PG_M1,148501,246220,218552,130168,221545,201270,189669,193114,180899,174792,171178,166483
2PG_M2,74912,127813,112364,65716,114426,102176,96736,97753,92449,89162,87152,83715
2PG_M3,16603,27619,24561,14640,25140,21863,21444,21432,20248,19566,18766,18336
3PG_M0,870821,1322775,1188866,655933,1229943,1160762,1117036,1106296,1072021,1050797,1016228,1019519
3PG_M1,305200,473736,422829,231964,440399,411789,397165,396509,384577,374418,363553,364757
3PG_M2,157105,247819,219591,117598,229293,213406,204949,207680,199332,193344,189296,188639
3PG_M3,34796,55101,49352,26092,50764,46150,45420,45459,43739,42056,41285,41532
6PGA_M0,22456,39328,36935,12797,28477,24820,24904,25464,24346,23945,24625,23567
6PGA_M1,25701,44971,42291,14237,33468,28655,28557,29289,27899,27231,27128,26564
6PGA_M2,17738,29791,28688,9861,22777,19234,19427,19278,18275,19190,18365,18198
6PGA_M3,3305,5521,5199,1902,4052,3460,3354,3550,3452,3393,3459,3401
6PGA_M4,1353,2144,1898,668,1553,1351,1354,1419,1339,1249,1277,1306
6PGA_M5,409,656,610,235,458,361,407,414,425,348,404,436
6PGA_M6,157,200,202,76,119,124,148,136,116,149,113,119
AAA_M0,610777,1058352,887770,696326,1338088,1165205,1163730,955755,977730,937409,888655,876669
AAA_M1,175141,313309,260762,201801,404546,345658,347460,280391,285356,276870,259521,255346
AAA_M2,65413,119487,99040,75362,156738,132402,132081,107292,108014,103880,97745,94993
AAA_M3,10162,18344,15250,11754,24180,19901,19813,15879,16294,15605,14603,14592
AAA_M4,2622,4554,3853,2847,5644,4650,5013,4120,3853,3776,3665,3518
AAA_M5,383,595,534,436,844,728,673,575,550,539,570,534
AAA_M6,140,191,141,113,283,232,250,232,238,237,207,182
Aco_M0,1577341,2262045,2010574,1047896,2553093,2507126,2330014,2212123,2115301,2013610,1883880,1842403
Aco_M1,445189,671433,589355,286041,751536,735334,688443,644011,617930,574310,534899,517494
Aco_M2,244321,360268,317912,154396,416074,410962,378040,361326,342993,322057,303661,296290
Aco_M3,50660,77349,67103,32167,91072,88495,82067,78963,74381,70277,65601,64227
Aco_M4,12753,19004,16631,7581,23500,23252,21288,20597,19661,18541,17290,17172
Aco_M5,3887,5392,4702,2283,7204,6665,6074,6327,5913,5629,5113,4921
Aco_M6,544,861,697,336,1059,1088,1053,968,978,889,749,731
Ala_M0,139505,207234,178977,96905,187860,232821,208599,222936,172787,163261,142893,142951
Ala_M1,22146,34006,28861,15651,30375,37856,33604,33523,26159,25230,22091,25816
Ala_M2,7157,10277,9162,5362,9850,11286,10013,10493,6618,8423,7075,6938
Ala_M3,673,1097,1186,553,896,1207,1430,1275,1099,1172,674,767
Asn_M0,212210,473946,387534,321582,612706,519052,527706,464940,466630,428959,403144,381440
Asn_M1,53319,121237,98606,82096,157913,131069,132620,118348,116632,108395,101424,95552
Asn_M2,23776,53729,44260,36567,69629,58019,58619,52326,52046,47451,45060,42133
Asn_M3,3281,7158,5939,5113,8803,7281,7547,6767,6761,6070,5741,5396
Asn_M4,717,1558,1245,1150,2069,1600,1744,1533,1416,1345,1497,1251
Asp_M0,1312861,1999765,1859875,756466,1393126,1443340,1379577,1392137,1216478,1151414,1243844,1403427
Asp_M1,249571,375772,360034,145469,266145,271985,260334,263435,227017,214595,234338,264106
Asp_M2,74383,117886,110108,42866,79523,80429,77951,78122,66532,62576,67989,77955
Asp_M3,10752,16717,15993,6434,11638,11651,11522,11607,10240,9418,9988,11336
Asp_M4,2443,3545,3504,1419,2720,2415,2369,2504,2188,1947,2195,2461
Cit_M0,1041991,1402266,1282901,800188,1563820,1510070,1512501,1517489,1529985,1529881,1516957,1519769
Cit_M1,393145,539559,492005,294839,611671,572791,583940,594002,589097,588905,578277,589997
Cit_M2,179211,247698,227011,132516,274015,261127,264449,266290,265593,263597,258179,260570
Cit_M3,48896,68290,62080,36401,75679,72527,72889,73574,73952,73034,71683,72642
Cit_M4,10004,13743,12793,7390,15001,14036,14534,14616,14408,14361,14028,14205
Cit_M5,2303,3185,2969,1779,3409,3178,3198,3440,3286,3266,3080,3078
Cit_M6,541,738,602,389,763,663,644,739,707,640,632,675
DHAP_M0,416028,644050,569608,342250,552803,497492,467971,457756,439409,426517,406241,401924
DHAP_M1,121014,189071,164815,98190,161808,145166,139151,134933,129695,124769,120790,117964
DHAP_M2,41250,65705,57465,34238,55020,48410,46167,45531,43128,41689,40111,38371
DHAP_M3,7826,12384,10759,6654,10581,9123,8817,8531,8211,8039,7502,7180
E4P_M0,6877,10681,9217,8820,7400,6766,6405,6331,5927,6209,5712,5932
E4P_M1,2711,4127,3709,3131,2847,2517,2609,2428,2333,2522,2377,2111
E4P_M2,1388,1980,2038,1753,1535,1392,1174,1201,1299,1177,1126,1239
E4P_M3,313,477,480,469,348,297,288,305,309,274,272,306
E4P_M4,52,122,120,140,100,99,59,90,58,36,63,65
F6P_M0,568863,862336,729982,436785,504504,432582,388417,373412,343396,331412,316621,311551
F6P_M1,155177,236352,200845,120687,135301,117133,104123,98121,91290,88112,85050,80881
F6P_M2,93431,143353,120259,69293,80642,68726,62866,59224,54271,51800,49924,48704
F6P_M3,31689,47771,39430,24028,27711,23309,21451,20457,18579,18107,17593,16433
F6P_M4,10621,15173,12992,8031,8900,7562,7240,7016,6154,6171,5862,5812
F6P_M5,5054,6873,5949,3435,4016,3668,3236,3090,2875,2703,2738,2497
F6P_M6,1297,1776,1490,1003,1041,923,929,900,786,687,652,727
Fru_M0,1476739,1987291,1793880,1191361,2165056,2052930,2052116,2042239,2025789,2013278,1952681,1969943
Fru_M1,716797,968714,870276,580855,1068620,1005736,1013384,1004405,1001977,991676,967570,972244
Fru_M2,337781,464164,417786,268425,501475,465362,469006,466285,462575,456866,439684,446846
Fru_M3,100991,139233,124049,80353,150559,140099,141017,138866,139079,136984,131695,132546
Fru_M4,28201,38646,34761,22912,41416,38586,39048,38444,38423,38629,36320,36903
Fru_M5,11089,14609,13396,9057,15623,14139,14957,14390,14255,14080,13472,13855
Fru_M6,2602,3686,3389,2234,4021,3340,3724,3344,3706,3460,3337,3343
Fum_M0,3661710,5034140,4347635,2271539,5817917,5307279,5275712,5253576,5204938,5120559,4956708,4931877
Fum_M1,796329,1108203,952150,484474,1284392,1170237,1165971,1150789,1152050,1129863,1097890,1081948
Fum_M2,332449,492211,415207,199815,562064,509946,513266,504705,507573,500183,469303,472351
Fum_M3,39567,57605,48035,23132,67939,60995,60398,59530,60515,58253,56267,55511
Fum_M4,6772,9229,8013,3062,11398,9913,10085,10010,10354,10120,9775,9418
G6P_M0,1041446,1551601,1348479,755891,1201645,1103025,1015312,964614,910024,876759,836547,825765
G6P_M1,296575,433696,380533,205982,333210,300618,279322,262656,247423,238235,225489,224454
G6P_M2,174300,270985,228227,122103,199037,179276,167015,156164,145973,141254,133508,131544
G6P_M3,58212,89056,77195,42060,67807,59801,55358,52765,48545,47188,44878,44056
G6P_M4,18305,28372,24098,13263,21390,19160,17285,17154,15528,15318,14160,14141
G6P_M5,8811,12429,10764,5614,9230,8302,7774,7437,6995,6523,6613,6326
G6P_M6,2245,3586,2754,1650,2490,2228,2037,2005,1883,1806,1768,1523
GAP_M0,1066984,1534238,1402938,864810,1557963,1467162,1437746,1422221,1394070,1384573,1349190,1341450
GAP_M1,319263,468450,425365,256111,477684,450012,440860,435164,428349,425554,410919,415034
GAP_M2,114683,170036,156751,91238,172877,160601,155654,154993,150695,150355,145094,144539
GAP_M3,20862,31541,28519,16708,31995,29458,28563,28981,27682,27397,26576,26605
Glc_M0,563255,797435,719975,426151,950490,918484,925713,928366,925027,926555,914903,920067
Glc_M1,276272,384919,354353,206401,463494,449781,449953,451441,452745,453672,447850,451011
Glc_M2,128152,180198,165983,92373,213536,206172,206876,208157,206743,205971,203669,205095
Glc_M3,37620,53460,49666,28019,63788,61436,62478,62509,62411,61797,60116,61247
Glc_M4,10976,15241,13992,8081,17889,16787,17403,17784,17373,17114,16842,17240
Glc_M5,4373,5872,5577,3199,6934,6707,6784,7051,6792,6748,6497,6367
Glc_M6,1175,1579,1341,912,1863,1779,1701,1637,1843,1717,1723,1714
Glc-ON_M0,354191,503747,490471,357056,572312,556723,563922,560808,556688,554178,545382,547871
Glc-ON_M1,176841,252632,248252,177807,287959,275592,281628,277447,275242,277234,269245,272513
Glc-ON_M2,195379,287782,280108,197428,325214,314684,322035,315404,311716,313567,305914,308137
Glc-ON_M3,31509,46644,44657,31603,51392,49233,51419,49941,49084,49266,47854,48690
Glc-ON_M4,18558,27306,26038,19163,29834,28564,28859,28518,28331,28379,27192,28097
Glc-ON_M5,2289,2973,3035,2358,3437,3368,3457,3377,3283,3345,3235,3369
Glc-ON_M6,1114,1603,1418,1188,1763,1708,1656,1540,1612,1714,1600,1532
Gln_M0,24265,73915,64592,96612,138902,105559,110751,95175,108407,96713,87791,78609
Gln_M1,7242,20423,17980,26954,37857,28510,29759,26181,29527,25984,23403,21202
Gln_M2,2671,7296,6287,9562,12764,10201,10365,9300,9851,8570,7908,7559
Gln_M3,654,1814,1529,2155,2900,2265,2372,2060,2423,2118,1971,1809
Gln_M4,123,347,315,296,464,391,420,347,372,412,310,395
Gln_M5,0,124,89,105,170,143,152,136,141,125,126,98
Glu_M0,109639,206107,165942,151323,292362,251124,249896,210020,215539,203487,198297,194026
Glu_M1,29289,55407,44619,40973,78750,66868,67826,55826,58835,53677,53446,51223
Glu_M2,12076,21441,17823,15158,28162,23426,23992,19311,20369,18984,19107,18272
Glu_M3,2704,4866,4217,3334,6134,5019,5106,4491,4731,4411,4285,4090
Glu_M4,792,1259,1151,897,1495,1345,1232,1137,1213,1052,1057,1055
Glu_M5,144,287,264,194,348,365,262,244,225,232,253,255
Gly_M0,705098,977936,975012,656843,1349327,1198320,1258093,1656130,1844464,1948252,1985741,2025718
Gly_M1,172833,245953,241737,160922,346239,303668,318565,433683,492525,530716,538214,541097
Gly_M2,67770,97474,96164,63318,138183,119768,126690,172412,190972,205127,208746,213607
H-Ser_M0,1193023,1766651,1634902,827450,1598308,1472662,1494375,1542301,1503370,1542425,1457316,1448090
H-Ser_M1,226598,347288,315234,148050,293733,276725,287288,292848,283176,289495,274139,270012
H-Ser_M2,81780,130498,117486,56875,112995,106684,104300,108174,104857,105835,100523,100573
H-Ser_M3,10603,16687,15247,7188,14631,13700,12962,13591,13235,13877,12861,12667
H-Ser_M4,1054,1555,1454,660,1427,1229,1249,1055,1366,1239,1155,1100
I-Cit_M0,1071011,1452509,1328814,901624,1638546,1594958,1592303,1592601,1592672,1598790,1576322,1595946
I-Cit_M1,401053,557205,511495,340244,641764,618249,622022,617819,625537,619508,610289,622579
I-Cit_M2,188862,264268,242077,160125,295649,282465,285623,288963,286001,283588,280270,281763
I-Cit_M3,52506,74811,68090,44538,83880,80704,80440,81564,82129,81773,79594,79713
I-Cit_M4,10821,15052,13911,9357,16890,15996,15985,16155,16808,16058,15884,15676
I-Cit_M5,2553,3454,3108,2177,4023,3594,3697,3924,3630,3588,3535,3549
I-Cit_M6,524,736,635,453,775,729,738,722,743,743,757,751
Ile2_M0,115557,170978,158217,177031,338035,346056,320022,353100,363688,347843,347185,372191
Ile2_M1,20532,29175,27503,31244,60137,60635,55167,63235,62067,60714,61254,63747
Ile2_M2,6482,8882,8236,8903,17756,17889,16076,18471,18098,17677,17226,18595
Ile2_M3,819,1203,1104,1184,2291,2139,2064,2333,2274,2208,2229,2141
Ile2_M4,170,319,265,313,625,560,556,547,531,560,550,574
Ile2_M5,0,0,0,0,0,0,0,0,0,0,0,0
K-Ile_M0,44569,14327,34746,26625,54763,9891,54238,55060,55736,56739,55183,54687
K-Ile_M1,5846,2092,4587,3645,7359,1527,7019,7463,7135,7614,7215,7369
K-Ile_M2,1524,526,1310,1056,1946,414,1887,1942,2119,1871,1756,1982
K-Ile_M3,310,0,0,0,0,0,0,0,0,0,0,0
K-Ile_M4,0,0,0,0,0,0,0,0,0,0,0,0
K-Ile_M5,0,0,0,0,0,0,0,0,0,0,0,0
K-Ile_M6,0,0,0,0,0,0,0,0,0,0,0,0
K-Val_M0,6456,6905,6662,4280,8282,7549,7532,7158,7769,7674,7599,7547
K-Val_M1,968,1119,1026,660,1185,1176,1270,1169,1254,1220,1253,1220
K-Val_M2,0,0,0,0,0,0,0,0,0,0,0,0
K-Val_M3,0,0,0,0,0,0,0,0,0,0,0,0
K-Val_M4,0,0,0,0,0,0,0,0,0,0,0,0
K-Val_M5,0,0,0,0,0,0,0,0,0,0,0,0
LCT_M0,62068,258039,211727,253582,274171,242925,231389,219148,216525,198948,189943,177921
LCT_M1,46632,191214,155269,185866,200870,175305,168588,156206,155321,142393,135325,127727
LCT_M2,12421,51508,41772,49739,52552,46000,44115,41284,41700,38505,35331,32806
LCT_M3,3769,14273,11795,13893,14995,13079,12498,11758,11835,10607,9637,9601
LCT_M4,1148,4484,3716,4471,4406,4011,3638,3642,3479,3212,3010,2777
LCT_M5,278,978,853,989,1111,922,906,824,756,743,696,703
LCT_M6,66,243,203,259,296,215,192,229,225,201,163,143
LCT_M7,25,79,86,77,96,66,72,66,65,72,62,74
Leu2_M0,95641,142335,131957,151252,280890,288644,261842,292309,296183,284449,282139,299761
Leu2_M1,17408,25606,23038,26096,49070,49393,45215,51010,51732,48375,48997,51236
Leu2_M2,6363,9104,8511,8517,17105,16714,14689,17094,16975,16027,16201,17044
Leu2_M3,978,1390,1172,1107,2157,2041,1975,2263,2303,2053,2137,2095
Leu2_M4,260,357,319,321,524,517,511,621,582,515,637,544
Leu2_M5,0,0,0,0,0,0,0,0,0,0,0,0
Lys_M0,65483,72313,68573,38767,33583,30765,28461,33524,30791,31348,31170,32682
Lys_M1,18637,20665,19159,11334,9550,8694,8508,10093,9254,9174,8568,9570
Lys_M2,6574,6895,6822,3792,3447,3099,2800,3303,3124,3486,3107,3283
Lys_M3,1646,1705,1624,963,984,881,757,826,938,907,897,919
Lys_M4,269,266,271,201,161,159,144,108,187,220,192,0
Lys_M5,0,0,0,0,0,0,0,0,0,0,0,0
Lys_M6,0,0,0,0,0,0,0,0,0,0,0,0
M6P_M0,1008854,1467086,1278490,884109,1108689,994504,915326,879712,816998,792669,753214,752233
M6P_M1,279064,407510,357519,244034,303916,272582,251921,238255,221840,211920,205091,201492
M6P_M2,165572,245162,212772,144121,182483,161947,147000,142880,131592,126540,121881,119549
M6P_M3,55750,82417,71357,48346,60632,53964,49876,48041,43858,42288,39958,39053
M6P_M4,17872,26377,22396,15644,19419,17133,15855,15348,14052,13604,13015,12275
M6P_M5,7698,11513,9922,7123,8334,7528,6830,6818,6201,5961,6066,5681
M6P_M6,2109,2982,2688,1846,2175,1966,1891,1708,1670,1646,1587,1519
Mal_M0,1011048,1395750,1299700,797640,1592972,1506858,1511822,1533477,1528752,1542451,1533016,1544568
Mal_M1,291283,408824,378233,226178,482183,454710,452839,462738,460315,463707,459699,469116
Mal_M2,138408,199409,184430,108804,224654,211423,214518,216382,216349,218483,217547,217517
Mal_M3,16217,23028,21598,12800,26031,24147,24929,25279,25259,24713,25033,24810
Mal_M4,3127,4520,4094,2544,4701,4498,4741,4613,4735,4654,4505,4503
Man-OL_M0,823049,1168742,1074299,578651,1370534,1325837,1343244,1349808,1349823,1359244,1343444,1348518
Man-OL_M1,258669,364979,336977,178750,428144,413669,417221,422445,417639,419656,416139,419320
Man-OL_M2,66327,95889,87305,44539,111054,106571,107796,109269,107808,108195,105233,106792
Man-OL_M3,21461,30017,27650,14738,35522,33447,34072,34034,33920,33988,33599,33578
Man-OL_M4,5564,7681,7013,3876,8860,8411,8581,8915,8788,8749,8147,8576
Man-OL_M5,2430,3395,3183,1773,4054,3700,3746,3752,3880,3833,3719,3770
Man-OL_M6,412898,579398,533849,286807,677465,652157,657845,667602,663871,664298,655264,663186
Mt1P_M0,467553,673548,593315,316642,537081,488115,456648,436103,412886,396142,381609,376011
Mt1P_M1,280404,412429,360320,187337,319323,289482,272915,258683,245002,234261,226287,221837
Mt1P_M2,167886,251688,218648,112367,194116,172362,162138,154371,145191,139773,133740,130831
Mt1P_M3,126412,189979,163648,84020,144673,127944,121296,116967,108515,103284,100144,97012
Mt1P_M4,23055,34614,29966,15676,25954,22957,22553,21423,19784,18764,18029,17913
Mt1P_M5,5933,8482,7272,3858,6518,5887,5378,5514,5130,4807,4516,4683
Mt1P_M6,3448,4959,4130,2450,3731,3649,3458,3093,2868,2773,2688,2668
Phe_M0,390682,662847,560023,536533,1156910,983365,1004278,989580,1072427,1057919,1010144,916688
Phe_M1,100836,167924,142374,137073,306067,255055,263849,261342,286494,280108,268791,241129
Phe_M2,31820,54548,45149,44270,99677,82736,85572,83274,93117,90529,86207,77312
Phe_M3,4793,8123,6888,6750,14709,11692,12218,12369,13178,13647,12753,11193
Phe_M4,704,1193,1049,1098,1998,1636,1693,1774,1918,1913,1702,1524
Phe_M5,0,0,0,0,0,0,0,0,0,0,0,0
Phe_M6,0,0,0,0,0,0,0,0,0,0,0,0
Phe_M7,0,0,0,0,0,0,0,0,0,0,0,0
Phe_M8,0,0,0,0,0,0,0,0,0,0,0,0
Phe_M9,0,0,0,0,0,0,0,0,0,0,0,0
Pro_M0,28743,49649,42668,59443,106924,103420,97821,108313,109698,103318,101742,111623
Pro_M1,6905,10518,8866,12717,22847,21195,20620,22522,22697,21203,21130,23439
Pro_M2,2497,3995,3367,4476,7955,7024,6824,7641,7536,7273,7230,8138
Pro_M3,530,815,553,958,1838,1212,1588,1877,1330,1533,1235,1261
Pro_M4,0,0,0,0,0,0,0,0,0,0,0,0
Pro_M5,0,0,0,0,0,0,0,0,0,0,0,0
R5P_M0,48924,74768,64180,44476,44099,39791,36160,34880,33811,31258,31086,30994
R5P_M1,19634,29512,25607,18369,17780,15571,14913,13590,13170,12895,11926,12512
R5P_M2,11416,16816,14572,10419,10254,9223,8632,8263,7905,7375,6869,6905
R5P_M3,3673,5323,4577,3394,3457,3072,2867,2804,2602,2513,2416,2378
R5P_M4,2173,3011,2584,1722,1840,1553,1490,1423,1285,1379,1246,1082
R5P_M5,196,304,252,198,182,154,148,156,144,153,85,125
Rl5P_M0,200015,303478,264488,205426,188154,164637,150675,143220,130855,125426,120472,121501
Rl5P_M1,78317,121031,106927,79962,73828,64022,58913,55326,50623,49904,46032,46186
Rl5P_M2,43508,68479,58767,45237,41120,35906,32890,30635,28364,27905,26564,26142
Rl5P_M3,13358,20401,17533,13855,13124,11575,10069,10271,8899,8831,8292,8313
Rl5P_M4,6851,11084,9422,7540,6736,5919,5489,5466,4844,4802,4566,4269
Rl5P_M5,765,1025,934,719,659,591,528,483,464,443,454,436
S7P_M0,14541,23862,20231,9588,14374,14337,13402,13440,12715,12481,12374,11950
S7P_M1,9663,15877,13844,6673,9650,9048,8463,8704,8409,8118,8104,8148
S7P_M2,6170,10457,8876,3979,6715,5666,5666,5777,5545,5431,5299,5371
S7P_M3,2553,4151,3281,1681,2603,2304,2352,2361,2061,2065,2068,2201
S7P_M4,933,1423,1350,653,1012,891,833,910,764,764,829,787
S7P_M5,299,445,405,222,264,302,254,209,270,261,212,233
S7P_M6,153,302,227,101,257,110,145,108,135,144,121,127
S7P_M7,68,53,100,30,63,0,0,34,0,0,0,0
Ser_M0,1195293,1792405,1662470,949421,1889938,1750369,1757729,1723535,1704013,1718910,1691368,1738101
Ser_M1,238438,375541,343517,190614,400664,365326,368812,362893,358096,362274,351969,364238
Ser_M2,66594,106302,97254,53060,111784,100796,100313,99148,97072,100797,98911,100218
Ser_M3,8000,12514,10964,6151,13309,11729,11371,11564,11611,11465,11336,11648
Suc_M0,941053,1289707,1177156,731986,1526472,1437628,1464244,1486729,1490863,1509144,1497122,1505906
Suc_M1,190820,273166,242551,144135,318337,293260,307253,305098,314579,318560,304739,316443
Suc_M2,71546,98880,90182,54340,117808,106704,113180,111591,113966,111603,110465,116939
Suc_M3,12818,16876,15377,9061,18133,18162,17771,18534,17986,18303,18190,18356
Suc_M4,2408,3184,3068,1824,4026,3733,3567,3678,10470,10511,3721,3788
Thr_M0,1242824,1813469,1700407,955181,1913836,1770410,1788613,1741580,1689496,1744958,1659664,1703007
Thr_M1,242573,357168,324615,180368,376271,332081,340536,327996,319086,333286,312089,324908
Thr_M2,92362,139310,126614,66550,142216,127237,129982,127459,122233,127922,120162,124243
Thr_M3,11868,17969,15357,8608,17701,15594,16596,15970,15038,15753,14994,15544
Thr_M4,1171,1740,1460,862,1746,1594,1596,1540,1467,1611,1496,1496
Tyr_M0,185938,229903,213983,139012,124570,127533,115735,110901,102679,100274,103996,107068
Tyr_M1,41892,49271,48166,30201,28609,28711,26351,24455,22878,24170,23313,24580
Tyr_M2,18144,21746,19882,13620,12677,12382,11368,10845,9854,9928,10138,10662
Tyr_M3,2842,3415,3422,2376,2236,2285,2579,2551,2233,2402,2241,2411
Tyr_M4,567,661,630,453,543,331,513,417,335,497,388,479
Tyr_M5,0,0,0,0,0,0,0,0,0,0,0,0
Tyr_M6,0,0,0,0,0,0,0,0,0,0,0,0
Tyr_M7,0,0,0,0,0,0,0,0,0,0,0,0
Tyr_M8,0,0,0,0,0,0,0,0,0,0,0,0
Tyr_M9,0,0,0,0,0,0,0,0,0,0,0,0
Val_M0,264225,314034,318361,251914,530951,465760,522658,567008,580887,560147,546435,592221
Val_M1,50127,53961,57940,45916,96696,76922,94975,102137,107362,98824,98425,102906
Val_M2,17787,17929,19890,15279,31751,25494,31443,33827,33730,32675,32476,33401
Val_M3,2300,2246,2455,1950,3867,3251,3605,3966,4192,3905,3893,4013
Val_M4,0,0,0,0,0,0,0,0,0,0,0,0
Val_M5,0,0,0,0,0,0,0,0,0,0,0,0
