#Compound Method,159_104_a_qTOF,159_104_c_qTOF,159_104_e_qTOF,175_100_a_qTOF,175_100_c_qTOF,175_100_e_qTOF,178_100_a_qTOF,178_100_c_qTOF,178_100_e_qTOF,184_104_a_qTOF,184_104_c_qTOF,184_104_e_qTOF,10069_96_a_qTOF,10069_96_c_qTOF,10069_96_e_qTOF
#Name,Area,Area,Area,Area,Area,Area,Area,Area,Area,Area,Area,Area,Area,Area,Area
Cit_M0.0,1856,1263,1130,675,602,670,82,67,89,844,665,714,1766,1291,1368
Cit_M1.0,649,362,370,255,219,192,19,21,20,297,292,195,487,417,388
Cit_M1.1,2470,1675,1987,1247,1006,942,242,143,97,1747,1096,1209,2112,1687,1627
Cit_M2.1,881,730,597,580,459,373,59,59,41,857,538,669,874,672,573
Cit_M2.2,2406,1794,1498,1578,1108,1194,275,149,140,2233,1588,1576,2103,1665,1312
Cit_M3.2,1051,544,845,768,580,654,153,80,95,1285,886,1023,939,699,600
Cit_M3.3,1423,982,987,1259,943,888,152,100,105,1688,1306,1469,1220,1039,880
Cit_M4.3,812,581,501,946,485,784,98,98,88,1165,878,946,692,476,476
Cit_M4.4,675,399,327,694,479,640,88,91,35,1038,839,754,611,447,385
Cit_M5.4,370,237,240,659,397,408,58,48,70,915,791,649,350,165,210
Cit_M5.5,305,203,231,356,193,229,46,18,17,393,434,282,194,163,212
Cit_M6.5,158,165,151,300,224,255,46,42,17,427,465,340,155,115,108
Cit_2_M0.0,1856,1263,1130,675,602,670,82,67,89,844,665,714,1766,1291,1368
Cit_2_M1.0,649,362,370,255,219,192,19,21,20,297,292,195,487,417,388
Cit_2_M1.1,2470,1675,1987,1247,1006,942,242,143,97,1747,1096,1209,2112,1687,1627
Cit_2_M2.1,881,730,597,580,459,373,59,59,41,857,538,669,874,672,573
Cit_2_M2.2,2406,1794,1498,1578,1108,1194,275,149,140,2233,1588,1576,2103,1665,1312
Cit_2_M3.2,1051,544,845,768,580,654,153,80,95,1285,886,1023,939,699,600
Cit_2_M3.3,1423,982,987,1259,943,888,152,100,105,1688,1306,1469,1220,1039,880
Cit_2_M4.3,812,581,501,946,485,784,98,98,88,1165,878,946,692,476,476
Cit_2_M4.4,675,399,327,694,479,640,88,91,35,1038,839,754,611,447,385
Cit_2_M5.4,370,237,240,659,397,408,58,48,70,915,791,649,350,165,210
Cit_2_M5.5,305,203,231,356,193,229,46,18,17,393,434,282,194,163,212
Cit_2_M6.5,158,165,151,300,224,255,46,42,17,427,465,340,155,115,108
Ala_1_M0.0,327501,126484,126870,67125,105163,112422,19572,28076,24141,9490,29762,40598,27073,18687,20757
Ala_1_M1.0,44202,18341,17992,10380,18319,18576,5168,6950,6611,2866,5616,8397,3745,3159,3519
Ala_1_M1.1,120797,49798,47261,41793,58172,57458,16454,19584,16803,7850,20706,28032,10692,9842,9607
Ala_1_M2.1,25453,11180,10377,8645,14187,12255,4007,5920,5100,2504,5402,7829,2927,2341,2212
Ala_1_M2.2,31573,12543,12742,9893,15000,16005,4242,6449,5530,2221,6046,8486,3157,2709,2532
Ala_1_M3.2,73331,30414,29234,41446,58961,55901,12109,15961,14166,7641,17767,25040,5282,5789,4739
Fum_M0.0,2396,1722,1798,1675,1117,1127,312,0,401,922,550,273,2312,1566,1472
Fum_M1.0,797,392,489,684,458,565,25,0,52,210,99,274,553,305,399
Fum_M1.1,2213,1364,1329,1800,1230,1139,151,0,176,348,383,457,1730,981,1171
Fum_M2.1,739,764,655,760,468,868,72,0,107,269,196,245,371,281,426
Fum_M2.2,641,543,663,1172,790,770,166,0,137,436,261,187,814,457,534
Fum_M3.2,522,368,359,1169,629,648,83,0,63,320,175,248,344,281,241
Fum_M3.3,417,366,208,856,329,383,44,0,58,215,153,88,438,148,256
Fum_M4.3,398,215,306,686,418,629,93,0,62,260,163,180,163,145,145
Suc_M0.0,10402,7925,7150,10966,9552,8626,4644,2895,3170,3034,1691,1421,6549,4535,4820
Suc_M1.1,63147,26288,23297,40161,19268,16831,18191,8734,7402,14991,7537,7829,25267,16475,14480
Suc_M2.2,51468,20936,19018,48626,23059,22452,23677,11295,10982,19156,9852,10001,11923,8527,7806
Suc_M3.3,38879,17780,15060,51019,21235,21317,28856,12675,14643,21479,10406,9435,8880,5567,6258
Suc_M4.4,23522,9078,7610,35012,14816,12451,19149,10020,8325,14370,8254,6276,4998,2319,3111
Suc_3_M0.0,10402,7925,7150,10966,9552,8626,4644,2895,3170,3034,1691,1421,6549,4535,4820
Suc_3_M1.1,63147,26288,23297,40161,19268,16831,18191,8734,7402,14991,7537,7829,25267,16475,14480
Suc_3_M2.2,51468,20936,19018,48626,23059,22452,23677,11295,10982,19156,9852,10001,11923,8527,7806
Suc_3_M3.3,38879,17780,15060,51019,21235,21317,28856,12675,14643,21479,10406,9435,8880,5567,6258
Suc_3_M4.4,23522,9078,7610,35012,14816,12451,19149,10020,8325,14370,8254,6276,4998,2319,3111
E4P_M0,90184,42597,40872,135718,69872,72216,69446,40449,35030,99614,57340,50773,78246,36169,34981
E4P_M1,79305,38528,35837,132148,67707,67057,68610,40545,32560,90454,52123,45736,63747,29062,29556
E4P_M2,39209,18909,18162,61645,32725,33178,33743,19966,16790,47768,26016,23381,38683,17678,17871
E4P_M3,33841,16727,15681,57445,27626,29866,28914,16739,13158,40301,22463,19177,32802,15062,14512
E4P_M4,31057,15376,14766,44012,23641,22612,22244,12505,10054,31144,17939,15678,32283,15204,14449
E4P_3_M0,90184,42597,40872,135718,69872,72216,69446,40449,35030,99614,57340,50773,78246,36169,34981
E4P_3_M1,79305,38528,35837,132148,67707,67057,68610,40545,32560,90454,52123,45736,63747,29062,29556
E4P_3_M2,39209,18909,18162,61645,32725,33178,33743,19966,16790,47768,26016,23381,38683,17678,17871
E4P_3_M3,33841,16727,15681,57445,27626,29866,28914,16739,13158,40301,22463,19177,32802,15062,14512
E4P_3_M4,31057,15376,14766,44012,23641,22612,22244,12505,10054,31144,17939,15678,32283,15204,14449
Fru_M0,424066,243212,237493,125856,71387,72948,87540,53876,49593,46962,29655,28004,839110,476847,464442
Fru_M1,804187,465452,454972,607444,352689,350882,336253,206850,191812,221086,142592,135255,712036,413576,395765
Fru_M2,568658,326949,325375,426181,252836,248283,247175,153460,144984,164182,107607,100897,494174,289992,278282
Fru_M3,435641,250315,245383,367714,216986,214970,227472,139957,130042,138147,89702,83584,299587,176286,167892
Fru_M4,259945,150414,147818,267334,155509,155227,170359,105437,98155,104007,67381,61307,167172,100264,95446
Fru_M5,137644,79234,74484,153752,93048,90619,101501,61165,58901,63809,40930,38219,81077,49861,48147
Fru_M6,135765,80762,77574,204597,121250,121159,112495,70068,64819,75046,50133,46513,65260,37543,37250
Man-OL_M0,72721781,38234903,37260455,32521499,16738010,17086274,19344021,11426370,10341626,19272897,10896193,10241173,64777556,30945677,30707154
Man-OL_M1,149309035,78673152,76653688,146793686,76745014,78269483,81450003,48606783,44324546,101220215,58015232,54801793,137517586,66336008,65065325
Man-OL_M2,119804043,63220508,61693448,124689753,65246780,66613160,71016519,42449208,38683429,95220093,54594897,51624683,120154225,57998202,56959196
Man-OL_M3,102151914,53929306,52593214,119379312,62533092,63867716,70279267,41988928,38280731,91928893,52718574,49810924,104127322,50273215,49920018
Man-OL_M4,62230092,32642211,31788144,86025722,44851491,45781453,51074661,30344489,27646533,67788569,38713728,36546368,63402482,30557006,29946861
Man-OL_M5,36276952,18905274,18397901,55988595,29143740,29889549,33060535,19655697,17902745,46397829,26500285,25004685,37724131,17916253,17773726
Man-OL_M6,34128961,17746489,17279145,65377272,34134202,35020311,36419095,21724917,19817175,48208981,27648380,26078220,30504669,14369994,14240625
Glc-ON_M0,20426,9392,9558,6668,2819,3045,2729,1597,1579,4285,2094,1889,12761,4770,4690
Glc-ON_M1,42285,18569,19598,40431,16556,16663,9374,4821,4051,13234,6865,6396,23395,9462,8976
Glc-ON_M2,31375,14692,13882,29849,12191,13059,7473,3455,2986,11513,5490,4999,18011,6811,7096
Glc-ON_M3,24768,10928,10629,24999,10521,11554,6729,2990,2579,8440,4536,4215,14607,5578,5129
Glc-ON_M4,15131,6764,7115,18432,8203,7772,4063,2434,2014,7138,3510,3381,9449,3652,3947
Glc-ON_M5,7798,3980,3812,11842,5021,5177,3229,1710,1920,4485,2514,2222,5585,2492,2116
Glc-ON_M6,9467,4252,4116,17239,7512,7574,4369,1877,1666,5663,2802,2806,5233,2287,2083
Rl5P_M0,0,0,0,0,0,0,0,0,0,0,0,0,0,0,0
Rl5P_M1,0,0,0,0,0,0,0,0,0,0,0,0,0,0,0
Rl5P_M2,0,0,0,0,0,0,0,0,0,0,0,0,0,0,0
Rl5P_M3,0,0,0,0,0,0,0,0,0,0,0,0,0,0,0
Rl5P_M4,0,0,0,0,0,0,0,0,0,0,0,0,0,0,0
Rl5P_M5,0,0,0,0,0,0,0,0,0,0,0,0,0,0,0
R5P_M0,4276,1615,1566,14043,4526,4522,3063,1541,1127,8204,2947,2349,8136,2211,1880
R5P_M1,3990,1659,1365,14129,3987,4689,4672,2246,1625,9416,3598,2659,8696,1957,1823
R5P_M2,3610,1439,1176,14245,4109,4169,5122,2576,1853,7545,3154,2545,7460,1744,1530
R5P_M3,2213,1003,658,12210,3568,3553,4658,2103,1687,6961,2804,2207,5086,1229,1101
R5P_M4,1898,644,741,7603,2315,2497,3459,1790,1247,5445,2311,1747,3424,878,692
R5P_M5,1310,565,698,8232,2482,2977,2035,1133,793,5470,2409,1798,3103,782,765
Mt1P_M0,6969,2580,2068,5918,1968,2205,3055,1340,1256,3962,0,0,10657,2841,2576
Mt1P_M1,12392,5498,4204,28389,7981,8269,6784,2948,2308,13638,4633,3782,21640,5007,4662
Mt1P_M2,12912,5551,4346,28162,8805,8844,7473,3233,2424,16769,5376,3851,24330,5344,4954
Mt1P_M3,10196,3824,4588,24516,6914,8309,8315,2991,2474,14632,4762,3566,19734,4377,4148
Mt1P_M4,5324,2672,2371,19833,5510,6159,5971,2069,1928,11825,3740,3046,12078,2989,2776
Mt1P_M5,4017,1632,1952,16100,3831,4847,4380,1634,1794,9513,2976,2564,9234,2388,2242
Mt1P_M6,2862,1612,1368,15903,4438,4457,4068,1545,1633,8845,3172,2122,6757,1472,1463
6PGA_M0,0,0,0,0,0,0,0,,0,0,0,0,1709,1334,922
6PGA_M1,2471,2838,1768,5030,3830,2584,0,0,,1327,1316,671,3002,1772,1297
6PGA_M2,1901,2503,1413,5021,3531,2229,0,0,0,1496,1291,833,3388,2301,1432
6PGA_M3,1788,2503,1433,4444,3344,2382,0,0,0,1531,1452,911,3222,2078,1556
6PGA_M4,1263,1793,932,4088,2761,1830,0,0,0,1298,1208,769,2390,1752,1042
6PGA_M5,915,1228,491,2990,2375,1227,0,0,0,1218,1466,871,1441,939,730
6PGA_M6,0,0,0,2862,2379,1353,0,0,0,0,0,0,1514,1113,629
F6P_M0,6644,2375,2487,7036,2099,2231,1400,0,647,2310,1191,1068,8489,1942,1763
F6P_M1,13539,3927,4513,25132,7522,7390,4450,0,1659,10866,4956,4615,18801,4919,4872
F6P_M2,11403,3522,3192,20559,6527,6572,3760,0,1532,10686,3672,3488,17598,4134,3701
F6P_M3,8162,2529,3829,24516,7160,7321,3860,0,1693,9441,3114,3465,13338,3317,2835
F6P_M4,6861,2081,2320,20847,6166,6551,3129,0,1704,9013,3376,3404,6890,1855,1514
F6P_M5,3429,1196,1595,10977,3394,3439,2892,0,1123,6480,2886,2926,5441,1319,1309
F6P_M6,3565,0,0,14064,4311,4454,1603,0,0,5835,2084,2313,4756,1176,1058
M6P_M0,20975,6704,6354,13161,3911,3824,3665,1169,1144,4928,1755,1498,17645,4400,3719
M6P_M1,48861,14438,14823,66938,15880,16466,9789,3282,2791,28964,9999,8815,43131,9665,9291
M6P_M2,37702,12320,10592,55615,16800,15600,8836,3503,2864,29491,8924,7195,37893,8101,8399
M6P_M3,30302,9101,7328,52937,13933,14581,9181,3372,2944,28482,7775,7182,27928,6653,6411
M6P_M4,20244,6598,6870,42117,11663,12660,8280,3146,2549,25898,8311,6799,19163,4795,4955
M6P_M5,12966,3508,3617,25490,7545,6953,6056,2282,1958,14943,5598,4965,12369,2485,2381
M6P_M6,10695,3399,3105,30641,8449,8630,4324,2218,1629,15039,5526,4635,10273,2530,2185
G6P_M0,65282,18866,18137,34965,9989,11063,8022,2954,2381,16329,5446,4924,46993,12631,12064
G6P_M1,142327,39070,37805,212832,59501,56983,22985,7796,7517,103013,33338,28879,128549,31817,28434
G6P_M2,118896,32888,29954,171857,52586,49002,25417,10538,8155,99813,33094,28230,114685,26837,24329
G6P_M3,87347,25499,24102,150030,41774,43412,24608,9006,7990,83398,25660,22650,83048,20824,18514
G6P_M4,59604,17134,16869,116482,34212,35669,22193,8374,6970,67630,23914,19706,59260,15852,12725
G6P_M5,36506,10777,10306,67667,22725,21243,13878,5852,4598,47351,16977,14792,36318,8507,8479
G6P_M6,29354,8091,8624,86098,26766,26884,10503,3557,3069,43248,15314,12702,26438,6913,6554
S7P_M0,8700,2639,2497,9133,2534,2425,1270,488,0,3415,1066,947,6118,1480,1427
S7P_M1,14636,5070,4416,20672,6002,5802,4266,1583,1265,9892,3501,2717,13051,3022,3131
S7P_M2,16718,5013,4935,27373,8308,8492,6587,2198,1894,16145,4944,4763,15511,4108,4392
S7P_M3,14409,4178,4022,26462,7532,8338,6284,2294,1728,13309,4585,4235,12899,3250,3160
S7P_M4,10977,3377,3238,25252,7002,8005,6899,2303,1825,14007,4468,4230,10656,2903,2763
S7P_M5,8044,2264,1988,19332,6111,5747,5111,1706,1026,10517,3472,2948,6250,1654,1566
S7P_M6,4506,1316,1265,14562,4438,4748,3199,1190,612,9200,3154,2505,3993,1034,960
S7P_M7,2168,641,571,9559,2873,2907,1747,649,0,5106,1695,1362,2210,589,521
K-Ile_M0,37,32,47,,0,0,0,0,0,,0,0,0,0,0
K-Ile_M1,0,0,0,0,0,0,,0,0,,0,0,0,0,0
K-Ile_M2,0,0,0,0,0,0,0,0,0,,,,0,0,
K-Ile_M3,0,,49,0,0,,,0,0,0,0,,0,0,0
K-Ile_M4,9,0,0,0,0,0,0,0,,0,,,,0,0
K-Ile_M5,21,,0,,,0,,0,,,0,0,,0,0
K-Ile_M6,,26,0,,,,,,,0,,0,,,
Thr_M0.0,25496,10432,8534,13480,3939,4113,7403,3198,3090,6612,2713,2791,9838,5713,5762
Thr_M1.0,6926,2747,2369,5656,1570,1528,2682,1200,926,2025,939,1100,1706,938,981
Thr_M1.1,18941,7788,6664,13806,4699,4589,8411,4151,3865,6637,3594,3471,4550,2710,2737
Thr_M2.1,6477,2724,2613,9013,2382,2005,3814,1981,1825,3179,1979,1677,1752,1120,1181
Thr_M2.2,8403,3408,2713,9786,2630,3004,6071,2659,1987,4504,1842,2178,1539,1524,1344
Thr_M3.2,5217,2588,2153,9001,2229,2630,4197,1958,1792,3368,1592,1334,1035,1222,838
Thr_M3.3,3123,1472,1148,4356,1624,1437,1973,1022,790,2258,867,577,589,318,344
Thr_M4.3,3287,1075,812,5904,2001,2076,3152,2029,1557,2379,931,1064,404,346,484
Pro_M0.0,11745,5073,4751,0,785,536,,0,0,0,0,0,8569,2563,2669
Pro_M1.1,11559,5263,5260,0,1220,732,0,0,0,0,0,0,0,1902,1922
Pro_M2.2,9631,4693,4310,0,2141,976,0,0,0,0,0,0,0,1356,1100
Pro_M3.3,7388,5108,5077,0,1696,1264,0,0,0,0,0,0,0,930,729
Pro_M4.4,50890,17999,17579,0,1139,550,0,0,0,0,0,0,0,1177,947
Pro_M5.5,47113,16636,13690,0,0,0,0,0,0,0,0,0,0,312,304
Gly_M0,3559,1265,1051,0,345,0,0,249,372,0,0,0,0,,0
Gly_M1,1328,467,341,0,304,0,0,350,351,0,,0,,,
Gly_M2,1146,197,491,0,266,0,0,210,331,0,0,0,0,0,0
H-Ser_M0.0,2667,952,1199,0,2048,1738,3047,1121,1367,0,0,0,0,0,0
H-Ser_M1.0,850,378,337,0,574,417,971,669,604,0,201,0,0,0,0
H-Ser_M1.1,1838,1166,1253,0,2226,2205,3600,1322,1599,0,646,0,0,0,0
H-Ser_M2.1,1078,779,563,0,981,975,2314,1247,1242,0,703,0,0,0,0
H-Ser_M2.2,1291,787,849,0,1443,1676,2659,1347,1364,0,437,0,0,0,0
H-Ser_M3.2,974,715,423,0,1679,1351,2178,1069,893,0,349,0,0,0,0
H-Ser_M3.3,554,282,240,0,677,744,960,393,445,0,295,0,0,0,0
H-Ser_M4.3,446,228,262,0,750,895,1166,549,410,0,356,231,0,0,0
Ser_M0.0,28470,10511,11682,14677,19908,13149,7566,4948,4486,11518,6602,7105,53326,13486,14569
Ser_M1.0,4359,1778,1455,2726,3446,2638,2053,1557,1142,2514,1331,1696,8598,2732,2516
Ser_M1.1,13743,6064,5649,11248,15370,10356,6552,4144,4691,11021,5888,7230,33798,9453,9040
Ser_M2.1,3415,1395,1639,4403,4682,3540,2888,1635,2211,4020,2173,2379,11145,2884,2916
Ser_M2.2,5095,1983,2202,4435,5258,3781,2528,2104,2348,4431,2663,2630,11366,3408,2941
Ser_M3.2,5721,2420,2266,7366,10202,6553,4080,2391,2647,6588,3444,4549,9884,3154,3045
Glu_M0.0,25255,11182,11907,11477,5640,6039,4983,2479,1765,7951,0,3456,1847,2544,3087
Glu_M1.0,7382,4137,3861,4636,2371,2590,2085,1077,1016,3371,0,1641,706,924,697
Glu_M1.1,25575,12513,12219,15505,7535,8064,7565,2988,2642,12272,0,6216,1987,2576,3030
Glu_M2.1,8983,4513,4720,7989,4105,4058,5317,1795,1706,7254,0,3214,716,1153,1392
Glu_M2.2,19539,9009,10224,16916,9211,9241,8164,3228,2869,13802,0,6816,1351,2233,2334
Glu_M3.2,9574,4665,4645,11407,6287,5864,5139,2280,2115,11292,0,4584,690,1031,1135
Glu_M3.3,8631,4811,4386,9876,5489,4720,4739,2235,2069,8806,0,4031,750,1270,893
Glu_M4.3,4735,2382,2577,6727,3797,3873,3387,1676,1192,6427,0,2991,348,477,426
Glu_M4.4,3166,1792,1638,4280,2117,2018,2384,1175,784,4728,0,2092,314,383,337
Glu_M5.4,2017,1248,898,4704,2627,2531,2295,972,894,3314,0,1749,251,210,270
Phe_M0.0,740,300,317,219,170,133,380,0,170,0,0,0,0,369,419
Phe_M1.0,62,115,61,95,60,0,0,0,0,0,0,0,0,96,143
Phe_M1.1,393,155,271,305,136,172,236,0,245,0,0,0,0,141,256
Phe_M2.1,102,157,49,256,0,0,71,0,99,0,0,0,0,27,23
Phe_M2.2,620,222,302,491,262,217,269,0,70,0,0,0,0,237,142
Phe_M3.2,283,41,105,241,159,141,123,0,46,0,0,0,0,32,54
Phe_M3.3,424,158,139,386,113,198,116,0,136,0,0,0,,148,115
Phe_M4.3,149,93,104,260,72,112,232,0,124,0,0,0,,69,86
Phe_M4.4,272,150,129,496,220,136,274,0,125,0,0,0,0,51,110
Phe_M5.4,174,29,32,143,56,153,198,0,36,0,0,0,0,30,59
Phe_M5.5,33,0,38,159,76,85,154,0,59,0,0,0,0,0,0
Phe_M6.5,48,0,64,148,81,59,138,0,105,0,0,0,0,0,0
Phe_M6.6,0,0,0,127,26,50,24,0,52,0,0,0,0,0,0
Phe_M7.6,0,0,0,153,72,58,54,0,17,,0,0,0,,0
Phe_M7.7,0,0,0,86,37,0,0,0,0,,0,0,0,0,0
Phe_M8.7,,0,0,,,0,0,0,0,0,0,0,,0,0
Phe_M8.8,,,0,0,0,,0,,0,0,0,,0,0,0
Phe_M9.8,0,0,,47,27,15,0,,,0,0,0,0,0,0
Asn_M0.0,41533,12925,12003,29420,6081,6600,12779,1293,0,18801,4631,3241,16836,1716,2372
Asn_M1.0,22691,6282,6796,21322,4845,4617,9975,909,0,16205,4331,2745,7462,770,807
Asn_M1.1,20839,6542,6401,23592,5118,5456,10879,969,0,16503,4456,2785,6878,544,710
Asn_M2.0,10842,3243,3762,13915,3229,3038,7198,670,0,10344,2326,1892,3911,359,567
Asn_M2.1,11903,3654,3678,13969,3248,3344,7614,679,,12231,3258,2294,3741,292,395
Asn_M2.2,8414,2534,2585,11809,2547,2826,5906,381,0,8439,2129,1638,2540,255,284
Asn_M3.1,8627,2837,2637,15838,3240,3617,7441,441,0,11782,2887,2205,2466,226,372
Asn_M3.2,7508,2107,2018,11685,2669,2656,6051,560,,10002,2747,1795,2205,199,254
Asn_M4.2,5579,1806,1542,13195,2933,2938,6524,511,0,9886,2318,1847,1647,144,157
AAA_M0.0,3231,1204,1307,1504,371,289,2831,555,128,7803,3181,2640,12442,3418,4145
AAA_M1.1,4893,1728,1834,3243,744,916,6395,1464,221,25425,8597,7536,16963,4844,6158
AAA_M2.2,5422,1928,2272,4931,1303,1043,9413,1940,556,42638,15329,12521,17918,4630,5878
AAA_M3.3,4226,1320,1332,5073,1274,1109,8862,1753,348,43204,15324,12634,10680,2820,3678
AAA_M4.4,2069,644,849,3427,912,739,6460,1104,320,30553,11295,9614,4920,1182,1816
AAA_M5.5,884,281,271,1818,555,393,2791,572,179,15795,5438,4704,1849,400,656
AAA_M6.6,275,107,68,588,185,117,887,229,39,5573,2102,1756,556,136,191
Aco_M0.0,328,0,0,0,0,0,0,0,0,58,13,28,281,110,130
Aco_M1.1,526,0,0,0,0,0,0,0,0,155,51,39,500,168,180
Aco_M2.2,426,0,0,0,0,0,0,0,0,236,62,81,329,111,111
Aco_M3.3,414,0,0,0,0,0,0,0,0,298,110,91,258,92,103
Aco_M4.4,227,0,0,0,0,0,0,0,0,184,78,85,104,36,34
Aco_M5.5,0,0,0,0,0,0,0,0,,127,24,17,52,14,27
Aco_M6.6,0,0,0,0,0,0,0,0,0,89,35,7,0,0,0
GAP_M0,0,0,0,0,0,0,0,0,0,0,0,0,0,0,0
GAP_M1,0,0,0,0,0,0,0,0,0,0,0,0,0,0,0
GAP_M2,0,0,0,0,0,0,0,0,0,0,0,0,0,0,0
GAP_M3,0,0,0,0,0,0,0,0,0,0,0,0,0,0,0
Gln_M0.0,1802,1131,1210,728,550,226,322,,,783,363,,0,0,
Gln_M1.0,428,291,396,299,225,63,95,,,543,153,,,,0
Gln_M1.1,1964,1017,1399,1456,713,520,634,,,1460,508,0,0,,
Gln_M2.1,870,492,546,858,321,329,392,,,923,358,0,,,
Gln_M2.2,1205,1102,1066,1509,950,333,553,,,1473,835,0,,,
Gln_M3.2,632,424,604,877,482,354,332,,,1335,693,,,,
Gln_M3.3,631,285,520,771,530,221,534,0,,1036,475,,0,,0
Gln_M4.3,269,335,189,576,307,255,196,,,1114,470,,,0,
Gln_M4.4,220,108,212,442,187,88,109,,0,673,253,,,,
Gln_M5.4,0,0,0,433,261,101,151,,0,460,210,0,,,
2PG_M0,1327,534,198,1705,441,0,0,0,0,831,329,209,708,290,217
2PG_M1,1033,351,174,2126,456,0,0,0,0,983,329,269,1057,0,0
2PG_M2,546,154,324,1038,399,0,0,0,0,760,294,204,333,39,150
2PG_M3,630,169,170,1785,423,0,0,0,0,1079,275,249,0,77,149
DHAP_M0,0,0,0,3141,1259,1311,0,0,0,0,0,0,0,0,0
DHAP_M1,0,0,0,2267,1136,1083,0,0,0,0,0,0,0,0,0
DHAP_M2,0,0,0,1358,436,645,0,0,0,0,0,0,0,0,0
DHAP_M3,0,0,0,1641,747,746,0,0,0,0,0,0,0,0,0
3PG_M0,62881,15528,15129,50706,13841,15433,16313,5023,3386,34999,10704,9011,36323,8802,7530
3PG_M1,43869,11103,9955,48171,13007,13898,20665,6439,4563,35307,10870,9185,27774,6214,6617
3PG_M2,24052,6066,6537,26924,7647,7881,12344,3782,3209,22117,7382,5781,16869,4147,3820
3PG_M3,25482,6645,6018,39108,10518,10957,15696,4330,3398,29308,9547,7216,15535,3762,3643
I-Cit_M0.0,355,164,230,0,0,0,0,0,0,0,0,57,886,477,552
I-Cit_M1.0,112,60,74,0,0,0,0,0,0,0,0,0,347,141,167
I-Cit_M1.1,294,207,172,0,0,0,0,0,0,0,0,0,1213,781,610
I-Cit_M2.0,62,13,0,0,0,0,0,0,0,0,0,0,111,95,107
I-Cit_M2.1,148,80,121,0,0,0,0,0,0,0,0,0,423,366,300
I-Cit_M2.2,363,143,196,0,0,0,0,0,0,0,0,0,719,615,583
I-Cit_M3.1,30,26,0,0,0,0,0,0,0,0,0,0,199,113,106
I-Cit_M3.2,145,160,105,0,0,0,0,0,0,0,0,0,419,294,244
I-Cit_M3.3,254,145,38,0,0,0,0,0,0,0,0,0,684,397,299
I-Cit_M4.2,29,40,43,0,0,0,0,0,0,0,0,0,132,83,98
I-Cit_M4.3,141,56,73,0,0,0,0,0,0,0,0,0,256,185,123
I-Cit_M4.4,117,52,82,0,0,0,0,0,0,0,0,0,173,130,127
I-Cit_M5.3,24,31,0,0,0,0,0,0,0,0,0,0,68,61,50
I-Cit_M5.4,0,29,0,0,0,0,0,0,0,0,0,0,142,81,83
I-Cit_M6.4,21,22,0,0,0,0,0,0,0,0,0,0,32,19,15
Lys_M0.0,1205,324,240,367,145,155,308,289,33,671,278,751,124375,28381,30191
Lys_M1.0,0,117,0,0,0,0,0,0,0,0,0,0,12059,3028,2760
Lys_M1.1,1369,383,467,553,297,404,793,602,36,1518,748,1377,59042,13563,14216
Lys_M2.1,0,0,0,0,0,0,0,0,0,0,0,0,6029,1679,1663
Lys_M2.2,1821,448,467,688,430,515,888,1008,58,2294,1081,2515,45507,10430,10449
Lys_M3.2,0,0,0,0,0,0,0,0,0,0,0,0,4312,1105,1170
Lys_M3.3,1219,247,232,866,412,661,1056,719,54,2549,997,2232,22834,5526,5660
Lys_M4.3,0,0,0,0,0,0,0,0,0,0,0,0,2286,608,603
Lys_M4.4,515,143,118,564,312,317,661,480,39,1697,834,1830,9660,2584,2828
Lys_M5.4,58,0,0,0,0,0,0,0,0,0,0,0,1193,223,285
Lys_M5.5,260,54,78,279,162,163,452,300,24,771,424,924,3673,894,1030
Lys_M6.5,0,0,0,0,0,0,0,0,0,0,0,0,0,0,0
Tyr_M0.0,0,0,0,0,0,0,0,0,0,0,0,0,3773,2379,2081
Tyr_M1.0,0,0,0,0,0,0,0,0,0,0,,0,593,258,251
Tyr_M1.1,0,0,0,0,0,0,0,0,0,0,0,0,1532,726,640
Tyr_M2.1,0,0,0,0,0,0,0,,0,0,0,0,174,153,157
Tyr_M2.2,0,0,0,0,0,0,0,0,0,0,0,0,0,0,0
Tyr_M3.2,0,0,0,0,0,0,0,0,0,0,0,0,0,0,0
Tyr_M3.3,0,0,0,0,0,0,0,0,0,0,0,0,0,0,0
Tyr_M4.3,0,0,0,0,,0,0,0,0,0,0,0,0,0,0
Tyr_M4.4,0,0,0,0,0,0,0,0,0,0,,0,0,0,0
Tyr_M5.4,0,0,0,0,0,0,0,0,0,0,0,0,0,0,0
Tyr_M5.5,0,0,0,0,0,0,0,0,0,0,0,0,,0,0
Tyr_M6.5,0,0,0,0,0,0,0,0,0,0,0,0,0,0,0
Tyr_M6.6,0,0,0,0,0,0,0,0,0,0,0,0,0,0,0
Tyr_M7.6,0,0,0,0,0,0,0,0,0,0,0,0,0,0,0
Tyr_M7.7,0,0,0,0,0,0,0,0,0,0,0,0,0,0,0
Tyr_M8.7,0,0,0,0,0,0,0,0,0,0,,0,0,0,0
Tyr_M8.8,0,0,0,0,0,0,0,,0,0,0,0,0,0,0
Tyr_M9.8,0,0,0,0,0,0,0,0,0,0,,0,0,0,0
LCT_M0.0,1097,160,215,664,159,121,254,0,0,515,87,97,2218,0,0
LCT_M1.0,581,145,98,820,103,104,273,0,,629,120,56,1509,0,0
LCT_M1.1,1124,172,188,1090,162,188,498,0,0,899,201,29,1859,0,0
LCT_M2.0,317,59,83,310,71,43,159,,0,246,81,52,863,0,0
LCT_M2.1,732,147,95,909,106,128,354,0,0,834,123,128,1484,0,0
LCT_M2.2,824,109,107,1081,139,117,424,0,0,733,181,63,1735,0,0
LCT_M3.0,354,46,61,427,82,90,239,0,0,362,82,22,528,0,0
LCT_M3.1,324,49,63,621,128,72,204,0,,671,124,34,791,0,0
LCT_M3.2,585,58,77,733,166,180,424,0,0,1108,129,72,1291,0,0
LCT_M3.3,331,128,91,761,109,181,346,0,0,827,171,52,989,0,0
LCT_M4.1,264,40,65,619,113,77,176,0,0,546,102,91,551,0,0
LCT_M4.2,252,33,68,418,41,75,227,0,,562,91,79,664,0,0
LCT_M4.3,347,115,77,730,177,86,311,0,0,670,167,54,601,0,0
LCT_M4.4,156,43,19,393,106,93,135,0,0,498,55,48,366,0,0
LCT_M5.2,189,18,73,559,38,70,281,,0,661,149,63,385,0,0
LCT_M5.3,251,34,0,311,69,56,129,0,0,406,120,31,378,0,0
LCT_M5.4,160,56,0,410,101,94,219,0,0,453,97,41,335,0,0
LCT_M6.3,129,14,0,390,93,70,165,,0,456,93,66,250,0,0
LCT_M6.4,59,0,0,238,43,31,137,0,0,268,45,53,116,0,0
LCT_M7.4,39,0,33,266,49,68,161,0,0,365,77,21,137,0,0
