# Compound Method,CI_qTOF_1,CI_qTOF_2,CI_qTOF_3,CI_qTOF_4,CI_qTOF_5,CI_qTOF_6
# Name,Area,Area,Area,Area,Area,Area
2PG_M0,6505,8296,6422,6825,6515,4579
2PG_M1,1914,2915,2245,2533,2205,1739
2PG_M2,1017,1036,920,1073,1003,766
2PG_M3,235,375,214,174,244,167
3PG_M0,9080,9805,7993,7132,6286,4485
3PG_M1,3068,3279,2643,2667,2165,1701
3PG_M2,1158,1326,987,929,957,730
3PG_M3,339,233,337,156,295,117
6PGA_M0,88262,105921,80589,80013,77274,58164
6PGA_M1,55618,64152,50914,50434,48973,37365
6PGA_M2,38849,44926,35857,34379,33280,25649
6PGA_M3,13625,15271,12190,12218,11735,8543
6PGA_M4,5547,6593,5178,5146,4817,3944
6PGA_M5,1755,2046,1749,1557,1587,1212
6PGA_M6,522,723,562,613,495,326
AAA_M0.0,4309,7580,5993,5922,7564,6020
AAA_M1.1,844,1718,1058,1395,1505,1398
AAA_M2.2,343,546,399,418,629,547
AAA_M3.3,29,38,61,28,71,57
AAA_M4.4,8,6,6,17,26,6
AAA_M5.5,0,0,0,,,0
AAA_M6.6,0,0,0,0,,
Aco_M0.0,19148,20808,18888,18309,17262,15132
Aco_M1.1,1939,1881,1860,1601,1418,1440
Aco_M2.2,558,546,528,483,508,452
Aco_M3.3,23,51,37,30,42,50
Aco_M4.4,4,5,4,5,12,7
Aco_M5.5,0,,,0,,
Aco_M6.6,,,,0,0,0
Ala_M0.0,1213,1214,1218,1394,1213,1088
Ala_M1.0,105,94,112,98,108,76
Ala_M1.1,123,110,66,89,140,95
Ala_M2.1,0,0,0,13,0,0
Ala_M2.2,60,29,48,28,26,27
Ala_M3.2,0,5,0,3,0,0
Asn_M0.0,518,1434,1036,1459,1717,1335
Asn_M1.0,115,241,210,255,299,310
Asn_M1.1,20,63,47,70,112,56
Asn_M2.0,38,102,113,95,105,128
Asn_M2.1,15,14,10,3,18,5
Asn_M2.2,15,45,26,36,40,30
Asn_M3.1,3,,3,13,3,2
Asn_M3.2,0,0,0,0,12,7
Asn_M4.2,,17,0,0,4,4
Asp_M0.0,17172,18271,16679,16222,15113,14897
Asp_M1.0,1311,1486,1466,1446,1309,1281
Asp_M1.1,1736,1942,1756,1737,1560,1406
Asp_M2.1,149,206,196,131,157,155
Asp_M2.2,445,476,434,401,369,369
Asp_M3.2,53,29,55,36,14,75
Asp_M3.3,36,57,25,36,16,26
Asp_M4.3,0,6,0,0,0,
Cit_M0.0,4237,4476,3880,3834,3800,3168
Cit_M1.0,684,768,713,607,597,604
Cit_M1.1,715,941,858,856,829,510
Cit_M2.1,171,192,191,122,129,120
Cit_M2.2,311,279,242,258,287,215
Cit_M3.2,65,57,53,69,33,54
Cit_M3.3,35,88,47,51,55,42
Cit_M4.3,17,6,0,9,0,0
Cit_M4.4,0,0,0,0,0,0
Cit_M5.4,0,0,0,0,0,0
Cit_M5.5,0,0,0,0,0,0
Cit_M6.5,0,0,0,,0,
DHAP_M0,3235,3009,2422,2349,1867,1711
DHAP_M1,700,716,731,561,437,423
DHAP_M2,419,523,358,319,281,263
DHAP_M3,94,121,112,78,54,44
E4P_M0,20786,19495,17390,14922,14666,13156
E4P_M1,8110,7324,6452,5831,5452,4707
E4P_M2,4339,3905,3516,3157,2856,2302
E4P_M3,1058,1022,783,740,797,577
E4P_M4,381,509,384,303,273,269
F6P_M0,525965,485942,428734,380220,329854,278408
F6P_M1,292248,270624,226259,204689,182188,153931
F6P_M2,197132,185541,159604,141181,124218,105826
F6P_M3,70101,64189,56217,48708,43300,38148
F6P_M4,24504,21453,19645,17855,16121,13946
F6P_M5,6732,6067,5466,5265,4432,3837
F6P_M6,1875,1640,1454,1440,1201,1019
Fru_M0,901069,840696,722043,631812,580644,486831
Fru_M1,403052,380114,322123,282020,263688,223299
Fru_M2,212745,208087,178698,156515,141840,124492
Fru_M3,65836,62563,52397,47657,43719,36051
Fru_M4,20686,20526,16744,15252,14761,12408
Fru_M5,3798,3930,2882,2490,2804,2464
Fru_M6,942,961,759,681,580,587
Fum_M0.0,3429,3295,3572,2945,2913,3002
Fum_M1.0,280,233,255,222,318,225
Fum_M1.1,519,649,442,558,429,355
Fum_M2.1,54,104,84,42,22,26
Fum_M2.2,86,131,59,87,178,23
Fum_M3.2,0,0,16,0,4,25
Fum_M3.3,0,0,27,6,0,0
Fum_M4.3,0,0,0,0,0,0
G6P_M0,884424,815070,704686,623657,539902,445980
G6P_M1,480994,447338,385549,337124,292947,244389
G6P_M2,327548,302240,261538,229212,198458,168058
G6P_M3,111086,107531,90794,82375,69890,61204
G6P_M4,39470,37426,31663,28590,24526,21384
G6P_M5,11418,10090,9396,7862,6830,5921
G6P_M6,3248,2482,2537,2324,2074,1348
GAP_M0,13658,14468,12103,11276,10888,10309
GAP_M1,2997,3151,2639,2529,2506,2186
GAP_M2,1460,1730,1388,1439,1418,1377
GAP_M3,399,363,384,158,303,209
Glc_M0,687464,638134,535530,473646,419842,356400
Glc_M1,305396,287612,241330,209164,188549,158828
Glc_M2,167615,156160,129486,114542,104068,85907
Glc_M3,50567,46809,39623,35540,31684,27429
Glc_M4,17217,15764,13492,12611,10831,9425
Glc_M5,3180,2908,2487,2238,2113,1682
Glc_M6,817,783,573,653,502,431
Glc-ON_M0,518793,492490,416841,368351,351145,292669
Glc-ON_M1,237681,224884,189547,168755,159084,134639
Glc-ON_M2,132912,124985,106052,94718,89740,76219
Glc-ON_M3,51888,48821,41725,37201,34948,30447
Glc-ON_M4,13649,14054,12001,10439,10211,8655
Glc-ON_M5,3967,4015,3503,3195,3006,2335
Glc-ON_M6,857,880,822,879,741,495
Gln_M0.0,,43,2,26,41,30
Gln_M1.0,,,,3,0,0
Gln_M1.1,,0,0,,0,14
Gln_M2.1,,,,0,,
Gln_M2.2,,,0,1,,
Gln_M3.2,0,,8,1,,
Gln_M3.3,,,,,0,0
Gln_M4.3,,,,,0,
Gln_M4.4,,,,0,0,
Gln_M5.4,,,0,,0,
Glu_M0.0,133,206,206,127,137,139
Glu_M1.0,19,29,11,28,32,6
Glu_M1.1,39,38,25,48,49,36
Glu_M2.1,10,5,,0,6,0
Glu_M2.2,26,14,18,16,23,40
Glu_M3.2,,0,,0,0,0
Glu_M3.3,0,0,,0,0,0
Glu_M4.3,0,,0,0,,
Glu_M4.4,,,,0,0,
Glu_M5.4,,,,,,0
Gly_M0,195,198,246,337,135,135
Gly_M1,161,63,91,73,159,9
Gly_M2,63,0,0,0,0,0
H-Ser_M0.0,11554,15076,12181,13702,12740,12453
H-Ser_M1.0,934,1182,1093,1104,955,1049
H-Ser_M1.1,1137,1500,1308,1314,1476,1246
H-Ser_M2.1,151,209,111,143,147,167
H-Ser_M2.2,351,302,280,221,303,433
H-Ser_M3.2,7,12,35,56,15,23
H-Ser_M3.3,17,6,11,15,19,19
H-Ser_M4.3,0,0,0,0,11,0
I-Cit_M0.0,5313,5263,4979,4532,4159,3619
I-Cit_M1.0,778,768,798,814,701,649
I-Cit_M1.1,1035,1045,982,988,941,866
I-Cit_M2.0,449,501,536,416,423,374
I-Cit_M2.1,224,274,170,241,154,142
I-Cit_M2.2,391,392,344,386,337,311
I-Cit_M3.1,79,163,79,61,69,76
I-Cit_M3.2,55,70,47,60,75,30
I-Cit_M3.3,63,33,69,46,56,38
I-Cit_M4.2,34,35,24,50,46,24
I-Cit_M4.3,0,0,0,0,0,0
I-Cit_M4.4,0,0,0,0,0,0
I-Cit_M5.3,0,0,0,0,0,0
I-Cit_M5.4,0,0,0,0,0,0
I-Cit_M6.4,0,0,0,0,0,0
Ile_M0.0,372,466,235,337,440,348
Ile_M1.0,15,98,2,91,31,5
Ile_M1.1,97,48,56,39,65,27
Ile_M2.1,3,13,30,4,,2
Ile_M2.2,5,18,0,27,9,14
Ile_M3.2,1,2,,,,
Ile_M3.3,0,,,,,
Ile_M4.3,1,2,,,,
Ile_M4.4,0,,0,0,,
Ile_M5.4,,,,,,
K-Ile_M0.0,,0,,,,
K-Ile_M1.1,0,0,0,0,0,0
K-Ile_M2.2,,,,,,
K-Ile_M3.3,,,,,,
K-Ile_M4.4,,,,,,
K-Ile_M5.5,,,,,,
K-Ile_M6.6,,,,,,
K-Val_M0.0,18,40,25,20,14,28
K-Val_M1.0,0,,,,,
K-Val_M1.1,14,3,3,0,,
K-Val_M2.0,0,6,0,0,0,0
K-Val_M2.1,0,0,0,0,0,0
K-Val_M3.0,0,0,0,0,0,0
K-Val_M3.1,0,0,0,0,0,0
K-Val_M4.0,0,0,0,0,0,0
K-Val_M4.1,0,0,0,0,0,0
K-Val_M5.1,,0,0,0,0,0
LCT_M0.0,1366,2340,1993,2082,2311,2288
LCT_M1.0,248,446,413,418,394,391
LCT_M1.1,395,512,322,488,423,450
LCT_M2.0,119,260,152,173,192,195
LCT_M2.1,44,97,71,84,51,81
LCT_M2.2,113,152,132,134,105,182
LCT_M3.0,22,24,36,45,19,48
LCT_M3.1,51,38,34,49,49,59
LCT_M3.2,20,28,17,11,40,37
LCT_M3.3,21,32,16,23,44,27
LCT_M4.1,0,0,0,0,9,8
LCT_M4.2,13,14,10,11,14,28
LCT_M4.3,1,6,4,7,7,24
LCT_M4.4,10,3,9,13,13,17
LCT_M5.2,5,,4,0,,0
LCT_M5.3,0,0,0,0,0,0
LCT_M5.4,0,0,0,0,0,0
LCT_M6.3,0,0,0,0,0,0
LCT_M6.4,0,0,0,0,0,
LCT_M7.4,,0,0,0,0,0
Leu_M0.0,287,315,196,260,204,167
Leu_M1.0,6,10,11,63,7,1
Leu_M1.1,67,70,49,41,25,28
Leu_M2.1,0,,0,,1,0
Leu_M2.2,0,0,0,0,0,0
Leu_M3.2,,0,0,,,
Leu_M3.3,0,,0,0,0,0
Leu_M4.3,0,0,0,,,
Leu_M4.4,0,0,0,0,0,
Leu_M5.4,,,,,,
Lys_M0.0,1412,580,684,622,418,608
Lys_M1.0,90,38,76,65,40,46
Lys_M1.1,221,107,130,95,104,90
Lys_M2.1,22,7,5,20,6,18
Lys_M2.2,34,28,21,37,10,32
Lys_M3.2,0,0,0,,0,
Lys_M3.3,0,,8,0,0,0
Lys_M4.3,0,0,0,0,0,
Lys_M4.4,0,0,0,0,0,0
Lys_M5.4,0,0,,0,0,
Lys_M5.5,0,,0,,0,
Lys_M6.5,,0,0,0,,
M6P_M0,837893,775338,667314,590774,507576,423915
M6P_M1,460093,427076,357095,324473,271662,233362
M6P_M2,309562,286029,244823,218064,188434,157948
M6P_M3,106180,98550,86982,75613,65576,56689
M6P_M4,35365,33606,28553,26431,23259,19325
M6P_M5,9822,9668,8613,7245,6486,5594
M6P_M6,3183,2561,2124,2005,2010,1565
Mal_M0.0,10206,10747,9819,9323,8373,8066
Mal_M1.0,852,804,792,752,672,656
Mal_M1.1,2431,2605,2634,2260,2064,1831
Mal_M2.0,207,240,191,219,137,152
Mal_M2.1,530,668,543,556,426,454
Mal_M3.0,18,62,47,42,39,47
Mal_M3.1,68,47,57,59,75,39
Mal_M4.1,2,4,0,3,3,0
Man-OL_M0,1001072,931567,784091,693009,620669,527627
Man-OL_M1,534371,497103,418470,369140,329692,281390
Man-OL_M2,357667,334759,280590,248267,220057,187500
Man-OL_M3,96827,89771,76595,68136,59739,51247
Man-OL_M4,33530,30144,26060,23168,20741,17561
Man-OL_M5,9353,9297,7878,7057,6641,5482
Man-OL_M6,1924,1776,1414,1324,1364,1046
Mt1P_M0,842010,805155,685228,613867,527162,435342
Mt1P_M1,517554,478389,411849,363937,314567,259073
Mt1P_M2,294034,272676,233211,208705,181604,148692
Mt1P_M3,128667,117769,102996,93839,79970,65878
Mt1P_M4,45983,42866,37233,33996,29638,24230
Mt1P_M5,12756,12478,10508,9716,8332,6795
Mt1P_M6,4369,4008,3765,3272,2666,2407
Phe_M0.0,1523,1713,1316,1126,1352,1582
Phe_M1.0,129,138,132,93,144,82
Phe_M1.1,347,364,278,196,294,334
Phe_M2.1,33,51,24,12,12,25
Phe_M2.2,51,86,43,25,69,70
Phe_M3.2,,7,6,11,5,11
Phe_M3.3,9,14,11,,,
Phe_M4.3,,,,0,,
Phe_M4.4,,,,0,,
Phe_M5.4,,,,,,
Phe_M5.5,,,,,,
Phe_M6.5,,,,,,
Phe_M6.6,0,,,,,
Phe_M7.6,0,0,,,,0
Phe_M7.7,,,,,0,
Phe_M8.7,,,0,,,
Phe_M8.8,0,,,,,
Phe_M9.8,0,,,1,,
Pro_M0.0,450,456,537,366,354,436
Pro_M1.1,33,22,5,104,124,98
Pro_M2.2,27,18,,6,,2
Pro_M3.3,0,0,0,0,0,0
Pro_M4.4,0,,,0,0,
Pro_M5.5,0,,0,0,0,0
R5P_M0,130974,121799,102216,93421,77162,65828
R5P_M1,52454,47095,41931,38617,34025,29229
R5P_M2,28396,29078,25298,22579,18629,15950
R5P_M3,10566,10427,9032,8057,6976,6229
R5P_M4,2827,2362,2267,2140,1764,1368
R5P_M5,810,725,624,528,514,455
Rl5P_M0,430029,394682,340558,295073,252923,221589
Rl5P_M1,169053,155394,134974,116442,105951,87033
Rl5P_M2,94751,86337,78140,66799,57711,51899
Rl5P_M3,33697,30337,25161,23913,20255,17901
Rl5P_M4,7713,7721,6417,6302,5601,4518
Rl5P_M5,2227,2065,1571,1566,1299,1188
S7P_M0,72830,73882,64187,56964,52618,45914
S7P_M1,48257,47216,41716,39457,35263,30532
S7P_M2,32945,32443,27643,26259,24366,21540
S7P_M3,13736,14022,11672,10136,10400,8546
S7P_M4,5406,5173,4642,4180,4028,3570
S7P_M5,1502,1530,1402,1359,1271,1062
S7P_M6,515,560,582,444,450,372
S7P_M7,222,207,177,129,134,114
Ser_M0.0,12046,11805,11544,10635,10406,10737
Ser_M1.0,1124,969,936,862,909,826
Ser_M1.1,1223,1096,1098,922,1025,961
Ser_M2.1,138,156,76,94,74,49
Ser_M2.2,205,196,261,201,137,193
Ser_M3.2,22,20,11,15,11,18
Suc_M0.0,12704,12512,12844,10648,10575,9863
Suc_M1.1,1527,1791,1288,1021,1095,1094
Suc_M2.2,680,868,606,529,440,628
Suc_M3.3,230,205,183,142,175,228
Suc_M4.4,,,0,,,
Thr_M0.0,3484,4353,3157,3036,3198,3419
Thr_M1.0,318,136,444,351,297,244
Thr_M1.1,512,449,595,316,472,245
Thr_M2.1,6,55,0,30,0,47
Thr_M2.2,176,118,47,176,166,120
Thr_M3.2,0,2,0,3,6,0
Thr_M3.3,0,0,0,9,0,12
Thr_M4.3,0,0,0,8,0,0
Tyr_M0.0,3701,2037,2523,2082,2018,2264
Tyr_M1.0,366,204,302,102,185,215
Tyr_M1.1,671,370,406,319,260,333
Tyr_M2.1,83,29,65,57,39,31
Tyr_M2.2,162,50,60,75,60,75
Tyr_M3.2,13,8,8,12,3,2
Tyr_M3.3,0,0,0,,0,
Tyr_M4.3,,0,,0,0,
Tyr_M4.4,,,,,,
Tyr_M5.4,,,,,,
Tyr_M5.5,,,0,0,,
Tyr_M6.5,,,,,,
Tyr_M6.6,,,,,,
Tyr_M7.6,,,,,,
Tyr_M7.7,0,,,0,,
Tyr_M8.7,,0,,,,
Tyr_M8.8,,,,0,0,
Tyr_M9.8,,,,,0,
Val_M0.0,22,36,48,32,47,10
Val_M1.0,7,,,8,0,
Val_M1.1,8,6,0,,0,
Val_M2.1,0,,,0,,
Val_M2.2,0,,,,,
Val_M3.2,0,,0,,,0
Val_M3.3,0,,,,,
Val_M4.3,0,,,,,
Val_M4.4,,0,,,0,
Val_M5.4,,0,,,,0
